"parameter","mean","sd","2.5%","10%","50%","90%","97.5%","Rhat","n.eff"
"b0tracks[1,1]",-3.06,0.18,-3.46,-3.3,-3.06,-2.84,-2.72,1.01,1660
"b0tracks[2,1]",-3.12,0.16,-3.44,-3.32,-3.12,-2.92,-2.82,1,3102
"b0tracks[3,1]",-3.03,0.15,-3.33,-3.23,-3.03,-2.84,-2.74,1,3402
"b0tracks[4,1]",-2.69,0.13,-2.94,-2.85,-2.69,-2.53,-2.45,1,4301
"b0tracks[5,1]",-2.65,0.1,-2.86,-2.79,-2.65,-2.52,-2.46,1,3513
"b0tracks[6,1]",-2.85,0.11,-3.06,-2.99,-2.85,-2.71,-2.64,1,2577
"b0tracks[7,1]",-2.59,0.11,-2.81,-2.73,-2.59,-2.44,-2.37,1,2947
"b0tracks[8,1]",-2.28,0.12,-2.5,-2.43,-2.28,-2.13,-2.05,1,4034
"b0tracks[10,1]",-2.05,0.17,-2.39,-2.27,-2.05,-1.83,-1.72,1,6916
"b0tracks[11,1]",-1.92,0.19,-2.3,-2.17,-1.92,-1.68,-1.54,1,5270
"b0tracks[12,1]",-2.14,0.2,-2.53,-2.39,-2.14,-1.88,-1.75,1,7423
"b0tracks[13,1]",-2.29,0.17,-2.63,-2.51,-2.29,-2.07,-1.95,1,7229
"b0tracks[14,1]",-2.15,0.16,-2.46,-2.35,-2.15,-1.94,-1.84,1,4790
"b0tracks[1,2]",-2.66,0.15,-2.97,-2.85,-2.66,-2.46,-2.37,1,4442
"b0tracks[2,2]",-2.95,0.15,-3.24,-3.14,-2.94,-2.75,-2.65,1,7608
"b0tracks[3,2]",-2.88,0.17,-3.22,-3.1,-2.88,-2.66,-2.55,1,8949
"b0tracks[4,2]",-3.04,0.17,-3.38,-3.26,-3.04,-2.82,-2.71,1,7504
"b0tracks[5,2]",-3.26,0.17,-3.6,-3.47,-3.25,-3.04,-2.94,1,6712
"b0tracks[6,2]",-2.74,0.13,-3,-2.91,-2.74,-2.57,-2.48,1,7772
"b0tracks[7,2]",-2.87,0.13,-3.12,-3.04,-2.87,-2.71,-2.62,1,8104
"b0tracks[8,2]",-2.5,0.13,-2.75,-2.67,-2.5,-2.34,-2.25,1,8259
"b0tracks[10,2]",-2.01,0.19,-2.39,-2.26,-2.01,-1.76,-1.64,1,13892
"b0tracks[11,2]",-2.39,0.23,-2.85,-2.69,-2.38,-2.1,-1.95,1,14348
"b0tracks[12,2]",-1.82,0.17,-2.16,-2.04,-1.82,-1.59,-1.48,1,13865
"b0tracks[13,2]",-2.51,0.16,-2.82,-2.71,-2.5,-2.3,-2.2,1,14192
"b0tracks[14,2]",-2.1,0.14,-2.38,-2.28,-2.1,-1.92,-1.83,1,13703
"b0tracks[1,3]",-2.91,0.17,-3.26,-3.13,-2.91,-2.7,-2.59,1,4949
"b0tracks[2,3]",-3.28,0.29,-3.87,-3.65,-3.28,-2.92,-2.74,1,3285
"b0tracks[3,3]",-2.92,0.2,-3.33,-3.18,-2.92,-2.67,-2.54,1,3504
"b0tracks[4,3]",-3.01,0.19,-3.4,-3.26,-3.01,-2.77,-2.64,1,5432
"b0tracks[5,3]",-2.99,0.15,-3.29,-3.18,-2.99,-2.8,-2.7,1,5115
"b0tracks[6,3]",-2.79,0.16,-3.1,-2.99,-2.79,-2.59,-2.49,1,5242
"b0tracks[7,3]",-2.82,0.18,-3.19,-3.06,-2.82,-2.58,-2.46,1,4644
"b0tracks[8,3]",-2.96,0.26,-3.47,-3.29,-2.96,-2.62,-2.45,1,4076
"b0tracks[10,3]",-2.43,0.23,-2.89,-2.73,-2.43,-2.13,-1.97,1,14254
"b0tracks[11,3]",-2.15,0.2,-2.55,-2.41,-2.15,-1.9,-1.77,1,14557
"b0tracks[12,3]",-2.33,0.26,-2.84,-2.67,-2.34,-1.99,-1.81,1,13337
"b0tracks[13,3]",-2.31,0.23,-2.76,-2.6,-2.31,-2.01,-1.85,1,14038
"b0tracks[14,3]",-2.46,0.22,-2.9,-2.74,-2.46,-2.18,-2.04,1,14092
"b0tracks[1,4]",-2.81,0.24,-3.32,-3.12,-2.79,-2.51,-2.39,1,3822
"b0tracks[2,4]",-2.91,0.24,-3.42,-3.23,-2.9,-2.61,-2.48,1,5027
"b0tracks[3,4]",-2.62,0.19,-3,-2.86,-2.61,-2.38,-2.26,1,7310
"b0tracks[4,4]",-2.54,0.16,-2.85,-2.74,-2.54,-2.34,-2.24,1,9387
"b0tracks[5,4]",-2.62,0.14,-2.91,-2.81,-2.62,-2.44,-2.35,1,7332
"b0tracks[6,4]",-2.42,0.13,-2.68,-2.59,-2.42,-2.25,-2.17,1,8541
"b0tracks[7,4]",-2.76,0.15,-3.06,-2.95,-2.76,-2.58,-2.48,1,7804
"b0tracks[8,4]",-2.56,0.14,-2.83,-2.73,-2.56,-2.39,-2.3,1,6986
"b0tracks[10,4]",-2.12,0.23,-2.56,-2.42,-2.12,-1.82,-1.65,1,7332
"b0tracks[11,4]",-2.23,0.26,-2.7,-2.55,-2.24,-1.88,-1.69,1,10075
"b0tracks[12,4]",-2.21,0.23,-2.64,-2.51,-2.22,-1.91,-1.74,1,8997
"b0tracks[13,4]",-2.33,0.21,-2.73,-2.6,-2.33,-2.06,-1.9,1,10257
"b0tracks[14,4]",-2.54,0.21,-2.96,-2.81,-2.54,-2.28,-2.13,1,13141
"b1[1]",0.42,0.06,0.29,0.34,0.42,0.5,0.54,1.01,1307
"b1[2]",-0.41,0.04,-0.49,-0.47,-0.41,-0.36,-0.33,1,11631
"b1[3]",0.61,0.1,0.42,0.48,0.61,0.73,0.8,1,10880
"b1[4]",0.07,0.09,-0.1,-0.04,0.07,0.19,0.25,1,8133
"b2[1]",-0.2,0.05,-0.3,-0.27,-0.2,-0.13,-0.1,1,6614
"b2[2]",-0.02,0.04,-0.11,-0.08,-0.02,0.03,0.06,1,14368
"b2[3]",-0.28,0.1,-0.48,-0.41,-0.28,-0.16,-0.1,1,12671
"b2[4]",0.14,0.07,0.01,0.06,0.14,0.23,0.27,1,8950
"b3[1]",1.43,0.08,1.27,1.32,1.43,1.53,1.58,1,4081
"b3[2]",2.28,0.1,2.1,2.16,2.28,2.4,2.47,1,6131
"b3[3]",2.01,0.12,1.76,1.85,2,2.17,2.25,1,4064
"b3[4]",2.5,0.11,2.29,2.36,2.5,2.64,2.71,1,6710
"c0cams[10,1]",-1.63,0.16,-1.93,-1.82,-1.63,-1.43,-1.31,1,3183
"c0cams[11,1]",-1.48,0.2,-1.84,-1.73,-1.49,-1.21,-1.06,1,2469
"c0cams[12,1]",-1.6,0.17,-1.93,-1.82,-1.61,-1.38,-1.26,1,3316
"c0cams[13,1]",-1.75,0.17,-2.1,-1.97,-1.75,-1.55,-1.45,1,5636
"c0cams[14,1]",-1.77,0.16,-2.11,-1.98,-1.76,-1.56,-1.47,1,3987
"c0cams[10,2]",-1.01,0.16,-1.29,-1.21,-1.01,-0.8,-0.68,1,10398
"c0cams[11,2]",-1.17,0.14,-1.45,-1.34,-1.17,-0.99,-0.9,1,11324
"c0cams[12,2]",-1.02,0.14,-1.28,-1.2,-1.03,-0.84,-0.73,1,9631
"c0cams[13,2]",-1.36,0.14,-1.65,-1.55,-1.36,-1.17,-1.09,1,9538
"c0cams[14,2]",-1.13,0.11,-1.36,-1.28,-1.13,-0.99,-0.91,1,10306
"c0cams[10,3]",-1.38,0.18,-1.74,-1.61,-1.38,-1.15,-1.01,1,9162
"c0cams[11,3]",-1.29,0.17,-1.61,-1.5,-1.3,-1.07,-0.95,1,7936
"c0cams[12,3]",-1.54,0.21,-1.98,-1.82,-1.52,-1.29,-1.18,1,6790
"c0cams[13,3]",-1.52,0.19,-1.93,-1.77,-1.51,-1.28,-1.17,1,7605
"c0cams[14,3]",-1.5,0.19,-1.89,-1.74,-1.49,-1.27,-1.15,1,7459
"c0cams[10,4]",-1.52,0.21,-1.92,-1.78,-1.52,-1.24,-1.09,1,5129
"c0cams[11,4]",-1.46,0.23,-1.87,-1.74,-1.47,-1.16,-0.98,1,5261
"c0cams[12,4]",-1.57,0.2,-1.97,-1.83,-1.57,-1.32,-1.18,1,5285
"c0cams[13,4]",-1.66,0.21,-2.11,-1.94,-1.66,-1.4,-1.27,1,5599
"c0cams[14,4]",-1.72,0.22,-2.18,-2.01,-1.71,-1.45,-1.32,1,5189
"c1[1]",0.5,0.12,0.27,0.35,0.5,0.66,0.74,1,2542
"c1[2]",-0.38,0.07,-0.51,-0.47,-0.38,-0.29,-0.25,1,14722
"c1[3]",0.18,0.16,-0.14,-0.03,0.18,0.39,0.5,1,13941
"c1[4]",0.22,0.16,-0.09,0.02,0.22,0.42,0.53,1,8729
"c2[1]",-0.12,0.1,-0.33,-0.26,-0.12,0.01,0.08,1,9379
"c2[2]",0,0.06,-0.12,-0.08,0,0.08,0.12,1,14618
"c2[3]",-0.5,0.14,-0.78,-0.68,-0.5,-0.31,-0.22,1,12116
"c2[4]",0.24,0.12,0.01,0.08,0.24,0.39,0.47,1,9756
"c3[1]",-0.21,0.21,-0.63,-0.49,-0.21,0.06,0.2,1,12512
"c3[2]",0.25,0.16,-0.06,0.05,0.26,0.45,0.57,1,14033
"c3[3]",0.13,0.3,-0.46,-0.26,0.13,0.52,0.71,1,13939
"c3[4]",-0.19,0.29,-0.76,-0.57,-0.19,0.18,0.37,1,11845
"c4[1]",-0.38,0.21,-0.79,-0.65,-0.37,-0.11,0.03,1,14082
"c4[2]",-0.06,0.18,-0.41,-0.29,-0.06,0.17,0.29,1,14387
"c4[3]",-0.57,0.25,-1.06,-0.89,-0.57,-0.26,-0.1,1,13312
"c4[4]",-0.61,0.29,-1.18,-0.98,-0.6,-0.24,-0.05,1,13270
"c5[1]",1.19,0.16,0.87,0.99,1.2,1.4,1.51,1,8750
"c5[2]",0.83,0.13,0.58,0.67,0.83,0.99,1.08,1,11991
"c5[3]",1.11,0.19,0.73,0.87,1.11,1.35,1.48,1,13121
"c5[4]",2.17,0.22,1.75,1.9,2.17,2.45,2.6,1,8148
"d0[1]",0.26,0.59,-0.58,-0.3,0.2,0.77,1.29,1.08,709
"d0[2]",-0.58,0.49,-1.5,-1.18,-0.59,0.04,0.43,1,1847
"d0[3]",-1.26,0.78,-2.83,-2.25,-1.25,-0.28,0.28,1,1785
"d0[4]",-5.98,1.63,-9.36,-8.29,-5.86,-3.94,-3.15,1,890
"d1[1]",1.41,0.56,0.6,0.84,1.35,1.98,2.56,1.06,940
"d1[2]",0.15,0.4,-0.62,-0.34,0.15,0.66,0.95,1,3915
"d1[3]",0.27,0.65,-0.95,-0.55,0.25,1.09,1.59,1,2281
"d1[4]",0.22,0.83,-1.4,-0.82,0.21,1.28,1.83,1,2145
"d2[1]",0.24,0.4,-0.33,-0.15,0.2,0.59,0.93,1.09,1132
"d2[2]",0.24,0.3,-0.34,-0.14,0.23,0.62,0.85,1,5223
"d2[3]",-0.6,0.35,-1.31,-1.05,-0.59,-0.15,0.09,1,3690
"d2[4]",0.12,0.54,-0.89,-0.54,0.11,0.81,1.22,1,3055
"d3[1]",-0.14,0.7,-1.47,-1.01,-0.15,0.74,1.27,1,2406
"d3[2]",0.1,0.86,-1.54,-0.97,0.08,1.2,1.87,1,1760
"d3[3]",2.16,0.9,0.48,1.05,2.13,3.32,4.02,1,1663
"d3[4]",-1.9,2.03,-6.45,-4.68,-1.69,0.48,1.58,1,1236
"d4[1]",-2.79,1.03,-4.86,-3.94,-2.71,-1.62,-1.09,1.03,1431
"d4[2]",-1.87,1.1,-4.15,-3.26,-1.83,-0.52,0.2,1,1597
"d4[3]",-1.13,1.36,-3.91,-2.88,-1.1,0.58,1.43,1,1384
"d4[4]",1.93,1.92,-1.76,-0.46,1.9,4.43,5.71,1,1242
"d5[1]",0.02,0.77,-1.11,-0.74,-0.05,0.73,1.38,1.08,1385
"d5[2]",2.09,0.93,0.58,1.02,1.98,3.3,4.26,1,1496
"d5[3]",0.52,0.79,-1.08,-0.5,0.53,1.53,2.04,1,2619
"d5[4]",2.3,1.03,0.5,1.05,2.22,3.64,4.52,1,1284
"d6[1]",0.01,5.76,-9.53,-7.97,0.03,7.91,9.49,1,14775
"d6[2]",0.06,5.77,-9.48,-7.92,0.02,8.05,9.53,1,14362
"d6[3]",0.03,5.8,-9.51,-8.06,0.03,8.06,9.5,1,15039
"d6[4]",0,5.79,-9.5,-7.96,-0.05,8.05,9.53,1,15000
"gamma.0[1]",-3.16,0.29,-3.78,-3.53,-3.14,-2.81,-2.66,1,772
"gamma.0[2]",-2.48,0.19,-2.89,-2.73,-2.48,-2.25,-2.13,1,3649
"gamma.0[3]",-5.24,0.72,-6.88,-6.15,-5.16,-4.4,-4.07,1.01,1042
"gamma.0[4]",-5.13,0.72,-6.9,-6.02,-5.04,-4.32,-4.01,1.01,657
"gam1[1]",1.6,0.33,1.02,1.2,1.57,2.02,2.29,1,592
"gam1[2]",0.01,0.17,-0.31,-0.2,0.01,0.23,0.34,1,4277
"gam1[3]",0.38,0.49,-0.54,-0.23,0.35,1.02,1.41,1.01,1833
"gam1[4]",0.84,0.33,0.21,0.42,0.82,1.27,1.53,1,2293
"gam2[1]",0.59,0.18,0.26,0.36,0.58,0.83,0.98,1,1253
"gam2[2]",0.23,0.15,-0.06,0.03,0.22,0.42,0.53,1,3586
"gam2[3]",-0.65,0.32,-1.3,-1.07,-0.65,-0.25,-0.02,1,2475
"gam2[4]",0.23,0.22,-0.19,-0.06,0.22,0.51,0.69,1,2831
"gam3[1]",-0.43,0.31,-1.07,-0.83,-0.42,-0.05,0.13,1,2058
"gam3[2]",-0.14,0.32,-0.86,-0.56,-0.11,0.23,0.38,1,3071
"gam3[3]",0.34,0.4,-0.48,-0.17,0.36,0.84,1.11,1.01,1529
"gam3[4]",-2.29,1.44,-5.33,-3.98,-2.28,-0.27,0.6,1.02,378
"gam5[1]",-0.16,0.23,-0.62,-0.45,-0.15,0.12,0.28,1,1897
"gam5[2]",-1.71,0.3,-2.31,-2.09,-1.71,-1.34,-1.13,1,2626
"gam5[3]",0.9,0.37,0.24,0.46,0.88,1.36,1.68,1,1207
"gam5[4]",-0.16,0.45,-1.2,-0.77,-0.11,0.36,0.61,1.02,493
"gam6[1]",-0.18,0.24,-0.65,-0.48,-0.18,0.13,0.3,1,2117
"gam6[2]",1.26,0.24,0.8,0.96,1.26,1.56,1.74,1,3019
"gam6[3]",-2.24,0.67,-3.75,-3.12,-2.18,-1.44,-1.06,1,977
"gam6[4]",0.61,0.43,-0.16,0.1,0.57,1.18,1.62,1.02,587
"phi.0[1]",2.15,0.35,1.57,1.73,2.11,2.61,2.92,1.01,388
"phi.0[2]",1.53,0.2,1.15,1.28,1.53,1.8,1.94,1,3350
"phi.0[3]",0.93,0.46,0.08,0.36,0.92,1.53,1.89,1,1488
"phi.0[4]",1.43,0.66,0.14,0.61,1.41,2.27,2.78,1.01,973
"phi1[1]",-1.28,0.42,-2.2,-1.84,-1.24,-0.77,-0.57,1.01,400
"phi1[2]",0.04,0.18,-0.32,-0.18,0.04,0.27,0.39,1,4354
"phi1[3]",0.32,0.59,-0.86,-0.43,0.33,1.05,1.45,1,1623
"phi1[4]",1.1,0.72,-0.33,0.18,1.11,2.01,2.52,1,1371
"phi2[1]",-1.17,0.24,-1.68,-1.48,-1.16,-0.87,-0.74,1.01,691
"phi2[2]",-0.24,0.19,-0.62,-0.48,-0.24,-0.01,0.12,1,3389
"phi2[3]",0,0.31,-0.61,-0.39,0,0.4,0.63,1,2365
"phi2[4]",0.22,0.42,-0.62,-0.31,0.23,0.74,1.04,1,1581
"phi3[1]",-0.03,0.36,-0.7,-0.47,-0.05,0.43,0.69,1,2247
"phi3[2]",-0.15,0.39,-0.86,-0.63,-0.17,0.36,0.67,1.01,2766
"phi3[3]",-0.2,0.35,-0.91,-0.64,-0.2,0.24,0.5,1,2427
"phi3[4]",0.31,1.09,-2.58,-0.77,0.37,1.48,2.26,1.04,376
"phi5[1]",-0.25,0.23,-0.72,-0.55,-0.25,0.04,0.19,1,2642
"phi5[2]",-0.44,0.27,-1,-0.79,-0.43,-0.1,0.07,1.01,2507
"phi5[3]",0.77,0.42,-0.04,0.23,0.76,1.31,1.61,1,1611
"phi5[4]",-0.98,0.59,-2.15,-1.67,-0.98,-0.28,0.31,1.02,736
"phi6[1]",0,0.34,-0.69,-0.43,0,0.43,0.66,1,2065
"phi6[2]",0.14,0.36,-0.54,-0.31,0.14,0.6,0.87,1.01,2347
"phi6[3]",-1.37,0.56,-2.53,-2.08,-1.35,-0.67,-0.32,1,1631
"phi6[4]",1.23,0.85,-0.32,0.22,1.18,2.29,3.01,1.01,927
"det.tra.v[1,1]",0.05,0.01,0.03,0.04,0.05,0.06,0.07,1,1953
"det.tra.v[2,1]",0.05,0.01,0.03,0.04,0.05,0.05,0.06,1,3591
"det.tra.v[3,1]",0.05,0.01,0.04,0.04,0.05,0.06,0.07,1,4407
"det.tra.v[4,1]",0.07,0.01,0.06,0.06,0.07,0.08,0.09,1,5011
"det.tra.v[5,1]",0.08,0.01,0.07,0.07,0.08,0.09,0.09,1,4967
"det.tra.v[6,1]",0.06,0.01,0.05,0.06,0.06,0.07,0.08,1,3208
"det.tra.v[7,1]",0.08,0.01,0.07,0.07,0.08,0.09,0.1,1,3927
"det.tra.v[8,1]",0.1,0.01,0.08,0.09,0.1,0.12,0.12,1,5739
"det.tra.v[10,1]",0.12,0.02,0.09,0.1,0.12,0.15,0.16,1,7603
"det.tra.v[11,1]",0.13,0.02,0.1,0.11,0.13,0.16,0.18,1,5855
"det.tra.v[12,1]",0.11,0.02,0.08,0.09,0.11,0.14,0.15,1,9178
"det.tra.v[13,1]",0.1,0.01,0.07,0.08,0.1,0.12,0.13,1,9471
"det.tra.v[14,1]",0.11,0.02,0.08,0.09,0.11,0.13,0.14,1,5287
"det.tra.v[1,2]",0.07,0.01,0.05,0.06,0.07,0.08,0.09,1,4714
"det.tra.v[2,2]",0.06,0.01,0.04,0.05,0.05,0.07,0.07,1,7964
"det.tra.v[3,2]",0.06,0.01,0.04,0.05,0.06,0.07,0.08,1,9236
"det.tra.v[4,2]",0.05,0.01,0.04,0.04,0.05,0.06,0.07,1,7715
"det.tra.v[5,2]",0.04,0.01,0.03,0.03,0.04,0.05,0.06,1,7121
"det.tra.v[6,2]",0.07,0.01,0.06,0.06,0.07,0.08,0.09,1,8662
"det.tra.v[7,2]",0.06,0.01,0.05,0.05,0.06,0.07,0.08,1,8550
"det.tra.v[8,2]",0.08,0.01,0.07,0.07,0.08,0.1,0.1,1,8603
"det.tra.v[10,2]",0.12,0.02,0.09,0.1,0.12,0.15,0.17,1,14023
"det.tra.v[11,2]",0.09,0.02,0.06,0.07,0.09,0.11,0.13,1,14384
"det.tra.v[12,2]",0.15,0.02,0.11,0.12,0.15,0.18,0.19,1,14395
"det.tra.v[13,2]",0.08,0.01,0.06,0.07,0.08,0.1,0.11,1,14248
"det.tra.v[14,2]",0.12,0.01,0.09,0.1,0.12,0.14,0.15,1,14324
"det.tra.v[1,3]",0.06,0.01,0.04,0.05,0.06,0.07,0.08,1,5096
"det.tra.v[2,3]",0.04,0.01,0.02,0.03,0.04,0.06,0.07,1,3379
"det.tra.v[3,3]",0.06,0.01,0.04,0.05,0.06,0.07,0.08,1,3681
"det.tra.v[4,3]",0.05,0.01,0.04,0.04,0.05,0.07,0.07,1,5602
"det.tra.v[5,3]",0.06,0.01,0.05,0.05,0.06,0.07,0.08,1,5480
"det.tra.v[6,3]",0.07,0.01,0.05,0.06,0.07,0.08,0.09,1,6190
"det.tra.v[7,3]",0.07,0.01,0.05,0.05,0.07,0.08,0.09,1,4884
"det.tra.v[8,3]",0.06,0.01,0.03,0.04,0.06,0.08,0.09,1,4530
"det.tra.v[10,3]",0.09,0.02,0.06,0.07,0.09,0.12,0.13,1,14408
"det.tra.v[11,3]",0.11,0.02,0.08,0.09,0.11,0.14,0.16,1,14238
"det.tra.v[12,3]",0.1,0.02,0.06,0.07,0.1,0.13,0.15,1,13442
"det.tra.v[13,3]",0.1,0.02,0.07,0.08,0.1,0.13,0.15,1,14248
"det.tra.v[14,3]",0.09,0.02,0.06,0.07,0.09,0.11,0.12,1,14258
"det.tra.v[1,4]",0.06,0.01,0.04,0.04,0.06,0.08,0.09,1,4229
"det.tra.v[2,4]",0.05,0.01,0.03,0.04,0.05,0.07,0.08,1,5094
"det.tra.v[3,4]",0.07,0.01,0.05,0.06,0.07,0.09,0.1,1,7571
"det.tra.v[4,4]",0.08,0.01,0.06,0.06,0.08,0.09,0.1,1,10246
"det.tra.v[5,4]",0.07,0.01,0.06,0.06,0.07,0.09,0.09,1,7550
"det.tra.v[6,4]",0.09,0.01,0.07,0.08,0.09,0.1,0.11,1,8845
"det.tra.v[7,4]",0.06,0.01,0.05,0.05,0.06,0.08,0.08,1,7916
"det.tra.v[8,4]",0.08,0.01,0.06,0.07,0.08,0.09,0.1,1,7550
"det.tra.v[10,4]",0.11,0.02,0.07,0.08,0.11,0.14,0.16,1,7585
"det.tra.v[11,4]",0.1,0.02,0.06,0.07,0.1,0.13,0.16,1,10298
"det.tra.v[12,4]",0.1,0.02,0.07,0.08,0.1,0.13,0.15,1,9218
"det.tra.v[13,4]",0.09,0.02,0.06,0.07,0.09,0.12,0.13,1,10040
"det.tra.v[14,4]",0.08,0.01,0.05,0.06,0.08,0.09,0.11,1,13409
"det.tra.t[1,1]",0.22,0.03,0.16,0.18,0.22,0.27,0.29,1,1908
"det.tra.t[2,1]",0.21,0.03,0.16,0.17,0.21,0.25,0.27,1,3570
"det.tra.t[3,1]",0.23,0.03,0.18,0.19,0.23,0.27,0.29,1,4381
"det.tra.t[4,1]",0.3,0.03,0.25,0.26,0.3,0.34,0.36,1,4989
"det.tra.t[5,1]",0.33,0.02,0.29,0.3,0.33,0.36,0.38,1,4944
"det.tra.t[6,1]",0.28,0.02,0.24,0.25,0.28,0.31,0.32,1,3205
"det.tra.t[7,1]",0.34,0.03,0.29,0.31,0.34,0.38,0.39,1,3913
"det.tra.t[8,1]",0.42,0.03,0.36,0.38,0.42,0.46,0.48,1,5728
"det.tra.t[10,1]",0.48,0.05,0.38,0.41,0.48,0.55,0.58,1,7557
"det.tra.t[11,1]",0.51,0.06,0.4,0.43,0.51,0.59,0.63,1,5650
"det.tra.t[12,1]",0.44,0.06,0.33,0.37,0.44,0.52,0.56,1,9040
"det.tra.t[13,1]",0.4,0.05,0.31,0.34,0.4,0.47,0.5,1,9401
"det.tra.t[14,1]",0.44,0.05,0.35,0.38,0.44,0.5,0.54,1,5247
"det.tra.t[1,2]",0.31,0.04,0.24,0.26,0.31,0.36,0.38,1,4629
"det.tra.t[2,2]",0.25,0.03,0.19,0.21,0.25,0.29,0.31,1,7942
"det.tra.t[3,2]",0.25,0.03,0.19,0.21,0.25,0.3,0.33,1,9214
"det.tra.t[4,2]",0.23,0.03,0.17,0.19,0.23,0.27,0.29,1,7682
"det.tra.t[5,2]",0.19,0.03,0.14,0.16,0.19,0.23,0.25,1,7103
"det.tra.t[6,2]",0.3,0.03,0.25,0.27,0.3,0.34,0.36,1,8628
"det.tra.t[7,2]",0.27,0.03,0.22,0.23,0.27,0.3,0.32,1,8540
"det.tra.t[8,2]",0.35,0.03,0.29,0.31,0.35,0.4,0.42,1,8609
"det.tra.t[10,2]",0.48,0.06,0.36,0.4,0.47,0.55,0.6,1,13979
"det.tra.t[11,2]",0.37,0.06,0.25,0.29,0.37,0.45,0.5,1,14374
"det.tra.t[12,2]",0.55,0.06,0.44,0.48,0.55,0.62,0.66,1,14342
"det.tra.t[13,2]",0.34,0.04,0.27,0.29,0.34,0.4,0.43,1,14456
"det.tra.t[14,2]",0.47,0.04,0.39,0.41,0.46,0.52,0.55,1,14311
"det.tra.t[1,3]",0.27,0.03,0.2,0.22,0.27,0.31,0.34,1,5047
"det.tra.t[2,3]",0.19,0.05,0.11,0.13,0.18,0.25,0.29,1,3360
"det.tra.t[3,3]",0.26,0.04,0.19,0.21,0.26,0.32,0.35,1,3638
"det.tra.t[4,3]",0.24,0.04,0.17,0.19,0.24,0.29,0.32,1,5589
"det.tra.t[5,3]",0.27,0.03,0.21,0.23,0.27,0.3,0.33,1,5462
"det.tra.t[6,3]",0.3,0.03,0.24,0.26,0.3,0.35,0.37,1,6158
"det.tra.t[7,3]",0.29,0.04,0.22,0.24,0.29,0.35,0.38,1,4864
"det.tra.t[8,3]",0.25,0.05,0.16,0.19,0.25,0.32,0.37,1,4473
"det.tra.t[10,3]",0.38,0.06,0.27,0.3,0.38,0.46,0.51,1,14370
"det.tra.t[11,3]",0.45,0.06,0.34,0.38,0.45,0.53,0.57,1,14603
"det.tra.t[12,3]",0.4,0.07,0.27,0.31,0.39,0.5,0.55,1,13388
"det.tra.t[13,3]",0.41,0.07,0.29,0.33,0.4,0.49,0.54,1,14269
"det.tra.t[14,3]",0.37,0.06,0.26,0.29,0.36,0.44,0.48,1,14226
"det.tra.t[1,4]",0.26,0.05,0.17,0.2,0.26,0.33,0.36,1,4118
"det.tra.t[2,4]",0.24,0.05,0.15,0.18,0.24,0.31,0.34,1,5075
"det.tra.t[3,4]",0.31,0.04,0.22,0.25,0.31,0.37,0.4,1,7493
"det.tra.t[4,4]",0.33,0.04,0.26,0.28,0.33,0.38,0.41,1,9611
"det.tra.t[5,4]",0.32,0.03,0.25,0.27,0.31,0.36,0.39,1,7525
"det.tra.t[6,4]",0.37,0.03,0.31,0.33,0.37,0.42,0.44,1,8794
"det.tra.t[7,4]",0.28,0.03,0.22,0.24,0.28,0.32,0.35,1,7934
"det.tra.t[8,4]",0.34,0.03,0.27,0.3,0.34,0.38,0.4,1,7511
"det.tra.t[10,4]",0.44,0.07,0.32,0.36,0.44,0.54,0.59,1,7452
"det.tra.t[11,4]",0.41,0.07,0.28,0.32,0.4,0.51,0.57,1,10156
"det.tra.t[12,4]",0.42,0.07,0.3,0.33,0.41,0.51,0.56,1,9097
"det.tra.t[13,4]",0.38,0.06,0.28,0.31,0.38,0.46,0.51,1,10044
"det.tra.t[14,4]",0.32,0.05,0.23,0.26,0.32,0.39,0.44,1,13224
"det.cam.v[10,1]",0.17,0.02,0.13,0.15,0.17,0.2,0.22,1,3862
"det.cam.v[11,1]",0.19,0.03,0.14,0.16,0.19,0.23,0.26,1,2634
"det.cam.v[12,1]",0.17,0.02,0.13,0.14,0.17,0.2,0.22,1,3542
"det.cam.v[13,1]",0.15,0.02,0.11,0.13,0.15,0.18,0.19,1,5743
"det.cam.v[14,1]",0.15,0.02,0.11,0.13,0.15,0.17,0.19,1,4015
"det.cam.v[10,2]",0.27,0.03,0.22,0.23,0.27,0.31,0.34,1,10607
"det.cam.v[11,2]",0.24,0.03,0.19,0.21,0.24,0.27,0.29,1,11435
"det.cam.v[12,2]",0.27,0.03,0.22,0.24,0.27,0.31,0.33,1,9710
"det.cam.v[13,2]",0.22,0.02,0.17,0.19,0.21,0.25,0.26,1,9279
"det.cam.v[14,2]",0.26,0.02,0.22,0.23,0.26,0.28,0.3,1,10299
"det.cam.v[10,3]",0.21,0.03,0.16,0.17,0.21,0.24,0.27,1,9379
"det.cam.v[11,3]",0.22,0.03,0.17,0.19,0.22,0.26,0.28,1,8166
"det.cam.v[12,3]",0.18,0.03,0.13,0.14,0.18,0.22,0.24,1,6793
"det.cam.v[13,3]",0.19,0.03,0.13,0.15,0.19,0.22,0.24,1,7762
"det.cam.v[14,3]",0.19,0.03,0.14,0.16,0.19,0.22,0.24,1,8026
"det.cam.v[10,4]",0.19,0.03,0.13,0.15,0.18,0.23,0.25,1,5284
"det.cam.v[11,4]",0.19,0.03,0.14,0.15,0.19,0.24,0.27,1,5568
"det.cam.v[12,4]",0.17,0.03,0.13,0.14,0.17,0.21,0.23,1,5451
"det.cam.v[13,4]",0.16,0.03,0.11,0.13,0.16,0.2,0.22,1,5525
"det.cam.v[14,4]",0.15,0.03,0.1,0.12,0.15,0.19,0.21,1,5072
"det.cam.t[10,1]",0.61,0.05,0.51,0.55,0.61,0.67,0.71,1,3439
"det.cam.t[11,1]",0.65,0.06,0.54,0.57,0.65,0.74,0.78,1,2529
"det.cam.t[12,1]",0.61,0.05,0.51,0.54,0.61,0.68,0.72,1,3460
"det.cam.t[13,1]",0.56,0.05,0.45,0.49,0.56,0.62,0.66,1,5812
"det.cam.t[14,1]",0.55,0.05,0.45,0.49,0.56,0.62,0.65,1,4062
"det.cam.t[10,2]",0.79,0.04,0.71,0.73,0.79,0.84,0.87,1,10311
"det.cam.t[11,2]",0.75,0.04,0.66,0.69,0.75,0.8,0.82,1,11430
"det.cam.t[12,2]",0.79,0.04,0.72,0.74,0.79,0.84,0.87,1,9492
"det.cam.t[13,2]",0.7,0.04,0.61,0.64,0.7,0.75,0.78,1,9537
"det.cam.t[14,2]",0.77,0.03,0.71,0.73,0.77,0.81,0.83,1,10273
"det.cam.t[10,3]",0.68,0.06,0.57,0.61,0.68,0.75,0.79,1,9325
"det.cam.t[11,3]",0.71,0.05,0.62,0.65,0.71,0.78,0.81,1,7874
"det.cam.t[12,3]",0.63,0.07,0.49,0.54,0.63,0.71,0.74,1,6856
"det.cam.t[13,3]",0.64,0.06,0.51,0.56,0.64,0.71,0.74,1,7800
"det.cam.t[14,3]",0.65,0.06,0.53,0.57,0.65,0.72,0.75,1,8047
"det.cam.t[10,4]",0.64,0.07,0.51,0.55,0.63,0.72,0.77,1,5164
"det.cam.t[11,4]",0.65,0.07,0.52,0.56,0.65,0.75,0.8,1,5262
"det.cam.t[12,4]",0.61,0.06,0.49,0.53,0.61,0.69,0.74,1,5337
"det.cam.t[13,4]",0.58,0.07,0.45,0.5,0.59,0.66,0.71,1,5600
"det.cam.t[14,4]",0.56,0.07,0.43,0.47,0.57,0.65,0.69,1,5199
"p.occ[1,1]",0.39,0.07,0.29,0.32,0.39,0.47,0.54,1.03,909
"p.occ[2,1]",0.36,0.04,0.28,0.31,0.35,0.41,0.45,1.01,890
"p.occ[3,1]",0.35,0.03,0.28,0.3,0.34,0.39,0.41,1,901
"p.occ[4,1]",0.31,0.03,0.26,0.28,0.31,0.35,0.37,1,1111
"p.occ[5,1]",0.29,0.03,0.24,0.25,0.29,0.32,0.35,1,1304
"p.occ[6,1]",0.31,0.03,0.26,0.28,0.31,0.34,0.36,1,1289
"p.occ[7,1]",0.3,0.03,0.25,0.27,0.3,0.33,0.35,1,1093
"p.occ[8,1]",0.29,0.03,0.24,0.25,0.29,0.32,0.34,1,1271
"p.occ[9,1]",0.28,0.03,0.23,0.25,0.28,0.31,0.33,1.01,1260
"p.occ[10,1]",0.3,0.03,0.25,0.27,0.3,0.34,0.36,1.01,924
"p.occ[11,1]",0.33,0.03,0.27,0.29,0.33,0.36,0.38,1,1147
"p.occ[12,1]",0.35,0.03,0.3,0.31,0.35,0.39,0.41,1,1522
"p.occ[13,1]",0.35,0.03,0.29,0.31,0.35,0.39,0.41,1,1557
"p.occ[14,1]",0.37,0.03,0.31,0.33,0.37,0.41,0.44,1,1843
"p.occ[1,2]",0.41,0.05,0.31,0.35,0.41,0.47,0.51,1,2348
"p.occ[2,2]",0.36,0.03,0.3,0.32,0.36,0.4,0.43,1,2580
"p.occ[3,2]",0.37,0.03,0.32,0.34,0.37,0.4,0.42,1,3542
"p.occ[4,2]",0.29,0.03,0.24,0.26,0.29,0.33,0.35,1,3696
"p.occ[5,2]",0.25,0.03,0.2,0.21,0.25,0.29,0.31,1,4159
"p.occ[6,2]",0.34,0.02,0.3,0.31,0.34,0.37,0.39,1,6092
"p.occ[7,2]",0.35,0.02,0.3,0.32,0.35,0.38,0.4,1,5610
"p.occ[8,2]",0.35,0.02,0.3,0.31,0.35,0.38,0.39,1,5286
"p.occ[9,2]",0.29,0.03,0.24,0.26,0.29,0.33,0.34,1,5543
"p.occ[10,2]",0.32,0.02,0.28,0.29,0.32,0.35,0.36,1,5661
"p.occ[11,2]",0.37,0.02,0.33,0.34,0.37,0.4,0.41,1,7268
"p.occ[12,2]",0.48,0.03,0.43,0.45,0.48,0.51,0.53,1,9652
"p.occ[13,2]",0.52,0.03,0.46,0.48,0.52,0.55,0.57,1,6653
"p.occ[14,2]",0.62,0.03,0.56,0.58,0.62,0.65,0.67,1,7294
"p.occ[1,3]",0.25,0.05,0.17,0.19,0.24,0.31,0.36,1,2587
"p.occ[2,3]",0.2,0.03,0.15,0.17,0.2,0.24,0.26,1,1976
"p.occ[3,3]",0.17,0.02,0.12,0.14,0.17,0.2,0.22,1,1745
"p.occ[4,3]",0.21,0.02,0.18,0.19,0.21,0.24,0.25,1,2839
"p.occ[5,3]",0.22,0.02,0.18,0.19,0.22,0.24,0.25,1,5579
"p.occ[6,3]",0.18,0.02,0.14,0.15,0.17,0.2,0.21,1,2746
"p.occ[7,3]",0.15,0.02,0.12,0.13,0.15,0.18,0.19,1,2854
"p.occ[8,3]",0.14,0.02,0.1,0.11,0.14,0.17,0.18,1,2666
"p.occ[9,3]",0.17,0.02,0.13,0.15,0.17,0.2,0.21,1,4252
"p.occ[10,3]",0.24,0.02,0.21,0.22,0.24,0.26,0.27,1,6580
"p.occ[11,3]",0.25,0.02,0.22,0.23,0.25,0.28,0.29,1,5408
"p.occ[12,3]",0.22,0.02,0.18,0.19,0.22,0.25,0.26,1,4258
"p.occ[13,3]",0.2,0.02,0.16,0.17,0.2,0.22,0.24,1,6875
"p.occ[14,3]",0.17,0.02,0.13,0.14,0.17,0.19,0.21,1,5250
"p.occ[1,4]",0.14,0.04,0.07,0.09,0.13,0.19,0.23,1,1712
"p.occ[2,4]",0.16,0.03,0.11,0.13,0.16,0.2,0.23,1,2584
"p.occ[3,4]",0.19,0.02,0.14,0.16,0.19,0.22,0.24,1,3875
"p.occ[4,4]",0.17,0.02,0.13,0.14,0.17,0.2,0.21,1,4191
"p.occ[5,4]",0.16,0.02,0.13,0.14,0.16,0.19,0.21,1,4983
"p.occ[6,4]",0.2,0.02,0.16,0.17,0.19,0.22,0.24,1,5679
"p.occ[7,4]",0.21,0.02,0.17,0.18,0.21,0.24,0.25,1,5221
"p.occ[8,4]",0.22,0.02,0.18,0.19,0.22,0.25,0.27,1,4768
"p.occ[9,4]",0.21,0.02,0.17,0.18,0.21,0.24,0.25,1,4927
"p.occ[10,4]",0.2,0.02,0.16,0.17,0.19,0.22,0.24,1,4130
"p.occ[11,4]",0.19,0.02,0.16,0.17,0.19,0.22,0.24,1,3562
"p.occ[12,4]",0.22,0.02,0.18,0.19,0.22,0.25,0.27,1,3584
"p.occ[13,4]",0.22,0.02,0.18,0.19,0.22,0.26,0.27,1,4063
"p.occ[14,4]",0.26,0.03,0.2,0.22,0.25,0.29,0.31,1,4951
"p.occp[1,1,1]",0.33,0.03,0.28,0.3,0.33,0.37,0.4,1.01,1333
"p.occp[2,1,1]",0.31,0.03,0.25,0.27,0.31,0.35,0.38,1.01,1237
"p.occp[1,2,1]",0.53,0.03,0.47,0.49,0.53,0.57,0.59,1,5051
"p.occp[2,2,1]",0.48,0.04,0.41,0.43,0.48,0.53,0.55,1,4306
"p.occp[1,3,1]",0.15,0.02,0.11,0.12,0.14,0.17,0.19,1,3055
"p.occp[2,3,1]",0.12,0.02,0.08,0.09,0.12,0.15,0.17,1,2097
"p.occp[1,4,1]",0.27,0.03,0.21,0.23,0.27,0.31,0.33,1,4927
"p.occp[2,4,1]",0.3,0.03,0.23,0.26,0.3,0.34,0.36,1,3680
"p.occp[1,1,2]",0.32,0.03,0.27,0.29,0.32,0.36,0.38,1.01,1231
"p.occp[2,1,2]",0.29,0.03,0.23,0.25,0.29,0.34,0.36,1.01,1249
"p.occp[1,2,2]",0.5,0.03,0.44,0.46,0.5,0.54,0.57,1,4779
"p.occp[2,2,2]",0.43,0.04,0.34,0.37,0.43,0.49,0.51,1,4629
"p.occp[1,3,2]",0.15,0.02,0.11,0.12,0.15,0.17,0.19,1,2992
"p.occp[2,3,2]",0.13,0.02,0.08,0.1,0.13,0.16,0.17,1,1938
"p.occp[1,4,2]",0.27,0.03,0.21,0.23,0.27,0.3,0.32,1,4480
"p.occp[2,4,2]",0.3,0.04,0.23,0.25,0.3,0.34,0.37,1,2732
"p.occp[1,1,3]",0.34,0.03,0.28,0.3,0.34,0.38,0.4,1.01,1397
"p.occp[2,1,3]",0.32,0.03,0.26,0.28,0.32,0.37,0.39,1.01,1384
"p.occp[1,2,3]",0.55,0.03,0.49,0.51,0.55,0.59,0.61,1,4929
"p.occp[2,2,3]",0.54,0.04,0.46,0.49,0.54,0.58,0.6,1,4269
"p.occp[1,3,3]",0.14,0.02,0.1,0.11,0.14,0.16,0.18,1,2618
"p.occp[2,3,3]",0.11,0.02,0.07,0.08,0.11,0.14,0.16,1,1880
"p.occp[1,4,3]",0.28,0.03,0.22,0.24,0.28,0.32,0.34,1,5063
"p.occp[2,4,3]",0.31,0.04,0.25,0.27,0.31,0.36,0.38,1,4961
"p.occp[1,1,4]",0.34,0.03,0.28,0.3,0.34,0.38,0.41,1.01,1420
"p.occp[2,1,4]",0.33,0.04,0.25,0.28,0.33,0.37,0.4,1.01,1592
"p.occp[1,2,4]",0.57,0.03,0.51,0.53,0.57,0.62,0.64,1,4401
"p.occp[2,2,4]",0.61,0.04,0.52,0.55,0.61,0.66,0.69,1,3753
"p.occp[1,3,4]",0.13,0.02,0.09,0.1,0.12,0.15,0.17,1,2276
"p.occp[2,3,4]",0.08,0.02,0.04,0.05,0.08,0.11,0.13,1,1676
"p.occp[1,4,4]",0.3,0.03,0.23,0.25,0.29,0.34,0.36,1,5111
"p.occp[2,4,4]",0.35,0.05,0.27,0.3,0.35,0.41,0.45,1,4535
"p.occp[1,1,5]",0.33,0.03,0.27,0.29,0.33,0.37,0.39,1.01,1383
"p.occp[2,1,5]",0.31,0.03,0.25,0.27,0.31,0.35,0.37,1.01,1191
"p.occp[1,2,5]",0.51,0.03,0.45,0.47,0.51,0.55,0.57,1,5030
"p.occp[2,2,5]",0.45,0.03,0.38,0.4,0.45,0.49,0.51,1,4645
"p.occp[1,3,5]",0.15,0.02,0.12,0.13,0.15,0.18,0.19,1,3322
"p.occp[2,3,5]",0.14,0.02,0.1,0.11,0.14,0.17,0.18,1,2747
"p.occp[1,4,5]",0.26,0.03,0.21,0.23,0.26,0.3,0.32,1,4557
"p.occp[2,4,5]",0.27,0.03,0.21,0.23,0.27,0.31,0.33,1,3994
